{
  "version_data": "1.0.2",
  "date": "26/02/2023",
  "version_app": [
    "1.0.0",
    "1.0.1"
  ],
  "data": [
    {
      "id": 1,
      "name": "Bird 1",
      "describe": " ",
      "sound": "bird1.ogg",
      "image": "noun-bird.svg",
      "tag": [
        2
      ],
      "vip": false,
      "type": 1
    },
    {
      "id": 2,
      "name": "Bird 2",
      "describe": " ",
      "sound": "bird2.ogg",
      "image": "noun-bird.svg",
      "tag": [
        2
      ],
      "vip": true,
      "type": 1
    },
    {
      "id": 3,
      "name": "Bird 3",
      "describe": " ",
      "sound": "bird3.ogg",
      "image": "noun-bird.svg",
      "tag": [
        2
      ],
      "vip": true,
      "type": 1
    },
    {
      "id": 4,
      "name": "Cricket",
      "describe": " ",
      "sound": "cricket.ogg",
      "image": "cricket.svg",
      "tag": [
        2
      ],
      "vip": false,
      "type": 1
    },
    {
      "id": 5,
      "name": "Frog",
      "describe": " ",
      "sound": "frog.ogg",
      "image": "frog.svg",
      "tag": [
        2
      ],
      "vip": false,
      "type": 1
    },
    {
      "id": 6,
      "name": "Owl",
      "describe": " ",
      "sound": "owl.ogg",
      "image": "noun-owl-1313812.svg",
      "tag": [
        2
      ],
      "vip": false,
      "type": 1
    },
    {
      "id": 7,
      "name": "Brown noise",
      "describe": " ",
      "sound": "brown_noise.ogg",
      "image": "noun-noise-1352911.svg",
      "tag": [
        1
      ],
      "vip": true,
      "type": 1
    },
    {
      "id": 8,
      "name": "Cat purring",
      "describe": " ",
      "sound": "cat_purring.ogg",
      "image": "noun-cat-3864448.svg",
      "tag": [
        2
      ],
      "vip": false,
      "type": 1
    },
    {
      "id": 9,
      "name": "Cicada",
      "describe": " ",
      "sound": "cicada.ogg",
      "image": "noun-cicada-147416.svg",
      "tag": [
        2
      ],
      "vip": true,
      "type": 1
    },
    {
      "id": 10,
      "name": "Farm",
      "describe": " ",
      "sound": "farm.ogg",
      "image": "noun-farm-1046384.svg",
      "tag": [
        5
      ],
      "vip": true,
      "type": 1
    },
    {
      "id": 11,
      "name": "Construction site",
      "describe": " ",
      "sound": "construction_site.ogg",
      "image": "noun-construction-2361471.svg",
      "tag": [
        4
      ],
      "vip": true,
      "type": 1
    },
    {
      "id": 12,
      "name": "Crowd",
      "describe": " ",
      "sound": "crowd.ogg",
      "image": "noun-crowd-591860.svg",
      "tag": [
        4
      ],
      "vip": true,
      "type": 1
    },
    {
      "id": 13,
      "name": "Dryer",
      "describe": " ",
      "sound": "dryer.ogg",
      "image": "noun-dryer-1953343.svg",
      "tag": [
        10
      ],
      "vip": true,
      "type": 1
    },
    {
      "id": 14,
      "name": "Grassland",
      "describe": " ",
      "sound": "grassland.ogg",
      "image": "noun-grass-3729338.svg",
      "tag": [
        6,
        5
      ],
      "vip": true,
      "type": 1
    },
    {
      "id": 15,
      "name": "Guzheng",
      "describe": " ",
      "sound": "guzheng.ogg",
      "image": "noun-guzheng-4070458.svg",
      "tag": [
        9
      ],
      "vip": true,
      "type": 1
    },
    {
      "id": 16,
      "name": "Hair dryer",
      "describe": " ",
      "sound": "hair_dryer.ogg",
      "image": "noun-dryer-1953343.svg",
      "tag": [
        10
      ],
      "vip": false,
      "type": 1
    },
    {
      "id": 17,
      "name": "Harmony",
      "describe": " ",
      "sound": "harmony.ogg",
      "image": "noun-harmony-3404511.svg",
      "tag": [
        3
      ],
      "vip": true,
      "type": 1
    },
    {
      "id": 18,
      "name": "Harp",
      "describe": " ",
      "sound": "harp.ogg",
      "image": "noun-harp-5667491.svg",
      "tag": [
        9
      ],
      "vip": true,
      "type": 1
    },
    {
      "id": 19,
      "name": "Heartbeat",
      "describe": " ",
      "sound": "heartbeat.ogg",
      "image": "noun-heartbeat-1406203.svg",
      "tag": [
        2
      ],
      "vip": false,
      "type": 1
    },
    {
      "id": 20,
      "name": "Hope for better",
      "describe": " ",
      "sound": "hope_for_better.ogg",
      "image": "noun-hope-2714888.svg",
      "tag": [
        3
      ],
      "vip": true,
      "type": 1
    },
    {
      "id": 21,
      "name": "Instrument aircraft",
      "describe": " ",
      "sound": "instrument_aircraft.ogg",
      "image": "noun-aircraft-1828810.svg",
      "tag": [
        4
      ],
      "vip": false,
      "type": 1
    },
    {
      "id": 22,
      "name": "Instrument car",
      "describe": " ",
      "sound": "instrument_car.ogg",
      "image": "noun-car-2389506.svg",
      "tag": [
        4
      ],
      "vip": false,
      "type": 1
    },
    {
      "id": 23,
      "name": "Instrument clock",
      "describe": " ",
      "sound": "instrument_clock.ogg",
      "image": "noun-clock-1018611.svg",
      "tag": [
        10
      ],
      "vip": false,
      "type": 1
    },
    {
      "id": 24,
      "name": "Instrument fan",
      "describe": " ",
      "sound": "instrument_fan.ogg",
      "image": "noun-fan-1112059.svg",
      "tag": [
        10
      ],
      "vip": false,
      "type": 1
    },
    {
      "id": 25,
      "name": "Instrument keyborad",
      "describe": " ",
      "sound": "instrument_keyborad.ogg",
      "image": "noun-keyborad-1996781.svg",
      "tag": [
        10
      ],
      "vip": true,
      "type": 1
    },
    {
      "id": 26,
      "name": "Instrument train",
      "describe": " ",
      "sound": "instrument_train.ogg",
      "image": "noun-train-1034587.svg",
      "tag": [
        4
      ],
      "vip": false,
      "type": 1
    },
    {
      "id": 27,
      "name": "Look within",
      "describe": " ",
      "sound": "look_within.ogg",
      "image": "noun-dice-310066.svg",
      "tag": [
        3
      ],
      "vip": true,
      "type": 1
    },
    {
      "id": 28,
      "name": "Loon",
      "describe": " ",
      "sound": "loon.ogg",
      "image": "noun-circle-1018759.svg",
      "tag": [
        2
      ],
      "vip": true,
      "type": 1
    },
    {
      "id": 29,
      "name": "Meditation bell",
      "describe": " ",
      "sound": "meditation_bell.ogg",
      "image": "noun-bell-1161605.svg",
      "tag": [
        9
      ],
      "vip": true,
      "type": 1
    },
    {
      "id": 30,
      "name": "Nature dripping",
      "describe": " ",
      "sound": "nature_dripping.ogg",
      "image": "noun-drip-3020736.svg",
      "tag": [
        6
      ],
      "vip": true,
      "type": 1
    },
    {
      "id": 31,
      "name": "Nature firewood",
      "describe": " ",
      "sound": "nature_firewood.ogg",
      "image": "noun-firewood-2914345.svg",
      "tag": [
        6
      ],
      "vip": false,
      "type": 1
    },
    {
      "id": 32,
      "name": "Nature forest",
      "describe": " ",
      "sound": "nature_forest.ogg",
      "image": "noun-forest-2079132.svg",
      "tag": [
        6
      ],
      "vip": true,
      "type": 1
    },
    {
      "id": 33,
      "name": "Nature heavy rain",
      "describe": " ",
      "sound": "nature_heavy_rain.ogg",
      "image": "noun-heavy-rain-2761652.svg",
      "tag": [
        6,
        7,
        8
      ],
      "vip": false,
      "type": 1
    },
    {
      "id": 34,
      "name": "Nature rain",
      "describe": " ",
      "sound": "nature_rain.ogg",
      "image": "noun-rain-1028581.svg",
      "tag": [
        6,
        7,
        8
      ],
      "vip": true,
      "type": 1
    },
    {
      "id": 35,
      "name": "Nature sea",
      "describe": " ",
      "sound": "nature_sea.ogg",
      "image": "noun-sea-1755277.svg",
      "tag": [
        6,
        7
      ],
      "vip": false,
      "type": 1
    },
    {
      "id": 36,
      "name": "Nature thunder",
      "describe": " ",
      "sound": "nature_thunder.ogg",
      "image": "noun-thunder-1982565.svg",
      "tag": [
        6,
        8
      ],
      "vip": true,
      "type": 1
    },
    {
      "id": 37,
      "name": "Nature water flow",
      "describe": " ",
      "sound": "nature_water_flow.ogg",
      "image": "noun-waves-2109300.svg",
      "tag": [
        7
      ],
      "vip": true,
      "type": 1
    },
    {
      "id": 38,
      "name": "Nature wind",
      "describe": " ",
      "sound": "nature_wind.ogg",
      "image": "noun-wind-1037200.svg",
      "tag": [
        6,
        8
      ],
      "vip": true,
      "type": 1
    },
    {
      "id": 39,
      "name": "Ocean",
      "describe": " ",
      "sound": "ocean.ogg",
      "image": "noun-ocean-1043943.svg",
      "tag": [
        6,
        7
      ],
      "vip": true,
      "type": 1
    },
    {
      "id": 40,
      "name": "Pink noise",
      "describe": " ",
      "sound": "pink_noise.ogg",
      "image": "noun-noise-1352911.svg",
      "tag": [
        1
      ],
      "vip": true,
      "type": 1
    },
    {
      "id": 41,
      "name": "Rain on puddle",
      "describe": " ",
      "sound": "rain_on_puddle.ogg",
      "image": "noun-muddy-1746354.svg",
      "tag": [
        7
      ],
      "vip": true,
      "type": 1
    },
    {
      "id": 42,
      "name": "Rain on roof",
      "describe": " ",
      "sound": "rain_on_roof.ogg",
      "image": "noun-house-roof-804341.svg",
      "tag": [
        7
      ],
      "vip": true,
      "type": 1
    },
    {
      "id": 43,
      "name": "Rain on tent",
      "describe": " ",
      "sound": "rain_on_tent.ogg",
      "image": "noun-camping-tent-737923.svg",
      "tag": [
        7
      ],
      "vip": true,
      "type": 1
    },
    {
      "id": 44,
      "name": "Rain on umbrella",
      "describe": " ",
      "sound": "rain_on_umbrella.ogg",
      "image": "noun-umbrella-4200013.svg",
      "tag": [
        7
      ],
      "vip": true,
      "type": 1
    },
    {
      "id": 45,
      "name": "Rain on window",
      "describe": " ",
      "sound": "rain_on_window.ogg",
      "image": "downpour.svg",
      "tag": [
        7,
        1
      ],
      "vip": true,
      "type": 1
    },
    {
      "id": 46,
      "name": "Seagull",
      "describe": " ",
      "sound": "seagull.ogg",
      "image": "noun-seagull-3584318.svg",
      "tag": [
        2
      ],
      "vip": true,
      "type": 1
    },
    {
      "id": 47,
      "name": "Sleep tight",
      "describe": " ",
      "sound": "sleep_tight.ogg",
      "image": "noun-sleep-18279.svg",
      "tag": [
        3
      ],
      "vip": true,
      "type": 1
    },
    {
      "id": 48,
      "name": "Snow",
      "describe": " ",
      "sound": "snow.ogg",
      "image": "noun-snow-1988247.svg",
      "tag": [
        8
      ],
      "vip": true,
      "type": 1
    },
    {
      "id": 49,
      "name": "Under water",
      "describe": " ",
      "sound": "under_water.ogg",
      "image": "noun-under-2693339.svg",
      "tag": [
        6,
        7
      ],
      "vip": true,
      "type": 1
    },
    {
      "id": 50,
      "name": "Vacuum cleaner",
      "describe": " ",
      "sound": "vacuum_cleaner.ogg",
      "image": "noun-vacuum-1664633.svg",
      "tag": [
        10
      ],
      "vip": true,
      "type": 1
    },
    {
      "id": 51,
      "name": "Violin",
      "describe": " ",
      "sound": "violin.ogg",
      "image": "noun-violin-1681046.svg",
      "tag": [
        9
      ],
      "vip": true,
      "type": 1
    },
    {
      "id": 52,
      "name": "Waterfall",
      "describe": " ",
      "sound": "waterfall.ogg",
      "image": "noun-waterfall-2979917.svg",
      "tag": [
        6,
        7
      ],
      "vip": true,
      "type": 1
    },
    {
      "id": 53,
      "name": "White noise",
      "describe": " ",
      "sound": "white_noise.ogg",
      "image": "noun-noise-1352911.svg",
      "tag": [
        1
      ],
      "vip": true,
      "type": 1
    },
    {
      "id": 54,
      "name": "Wolf",
      "describe": " ",
      "sound": "wolf.ogg",
      "image": "noun-wolf-1968301.svg",
      "tag": [
        2
      ],
      "vip": false,
      "type": 1
    },
    {
      "id": 55,
      "name": "Wind chime",
      "describe": " ",
      "sound": "wind_chime.ogg",
      "image": "noun-wind-4543513.svg",
      "tag": [
        9
      ],
      "vip": true,
      "type": 1
    },
    {
      "id": 56,
      "name": "Whale",
      "describe": " ",
      "sound": "whale.ogg",
      "image": "noun-whale-1515697.svg",
      "tag": [
        2
      ],
      "vip": true,
      "type": 1
    },
    {
      "id": 57,
      "name": "Wiper",
      "describe": " ",
      "sound": "wiper.ogg",
      "image": "noun-wiper-1720452.svg",
      "tag": [
        10
      ],
      "vip": false,
      "type": 1
    },
    {
      "id": 58,
      "name": "Wind leaves",
      "describe": " ",
      "sound": "wind_leaves.ogg",
      "image": "noun-wind-3884512.svg",
      "tag": [
        6
      ],
      "vip": true,
      "type": 1
    },
    {
      "id": 59,
      "name": "Waterfall 2",
      "describe": " ",
      "sound": "waterfall2.ogg",
      "image": "noun-waterfall-2979917.svg",
      "tag": [
        6,
        7
      ],
      "vip": true,
      "type": 1
    },
    {
      "id": 60,
      "name": "Cricket 2",
      "describe": " ",
      "sound": "cricket2.ogg",
      "image": "cricket.svg",
      "tag": [
        2
      ],
      "vip": true,
      "type": 1
    },
    {
      "id": 61,
      "name": "Owl 2",
      "describe": " ",
      "sound": "owl2.ogg",
      "image": "noun-owl-1313812.svg",
      "tag": [
        2
      ],
      "vip": true,
      "type": 1
    },
    {
      "id": 62,
      "name": "Firewood 2",
      "describe": " ",
      "sound": "firewood2.ogg",
      "image": "noun-fire-5672455.svg",
      "tag": [
        6
      ],
      "vip": true,
      "type": 1
    },
    {
      "id": 63,
      "name": "Rain",
      "describe": " ",
      "sound": "rain.ogg",
      "image": "noun-heavy-rain-2761652.svg",
      "tag": [
        6,
        7,
        8
      ],
      "vip": true,
      "type": 1
    },
    {
      "id": 64,
      "name": "Bosque lluviatiendacampana",
      "describe": " ",
      "sound": "bosque_lluviatiendacampana.ogg",
      "image": "noun-camping-tent-737923.svg",
      "tag": [
        7
      ],
      "vip": true,
      "type": 1
    },
    {
      "id": 65,
      "name": "Bosque lobo",
      "describe": " ",
      "sound": "bosque_lobo.ogg",
      "image": "noun-wolf-1968301.svg",
      "tag": [
        2
      ],
      "vip": true,
      "type": 1
    },
    {
      "id": 66,
      "name": "Bosque pajarocarpintero",
      "describe": " ",
      "sound": "bosque_pajarocarpintero.ogg",
      "image": "noun-bird-1048621.svg",
      "tag": [
        2
      ],
      "vip": true,
      "type": 1
    },
    {
      "id": 67,
      "name": "Bosque pajaros",
      "describe": " ",
      "sound": "bosque_pajaros.ogg",
      "image": "noun-bird.svg",
      "tag": [
        2,
        6
      ],
      "vip": true,
      "type": 1
    },
    {
      "id": 68,
      "name": "Bosque ranas",
      "describe": " ",
      "sound": "bosque_ranas.ogg",
      "image": "frog.svg",
      "tag": [
        2
      ],
      "vip": true,
      "type": 1
    },
    {
      "id": 69,
      "name": "Bosque rio",
      "describe": " ",
      "sound": "bosque_rio.ogg",
      "image": "noun-river-1592655.svg",
      "tag": [
        6,
        7
      ],
      "vip": true,
      "type": 1
    },
    {
      "id": 70,
      "name": "Bosque tormenta",
      "describe": " ",
      "sound": "bosque_tormenta.ogg",
      "image": "noun-thunder-1988276.svg",
      "tag": [
        6,
        7,
        8
      ],
      "vip": true,
      "type": 1
    },
    {
      "id": 71,
      "name": "Bosque viento",
      "describe": " ",
      "sound": "bosque_viento.ogg",
      "image": "noun-wind-1037200.svg",
      "tag": [
        6,
        8
      ],
      "vip": false,
      "type": 1
    },
    {
      "id": 72,
      "name": "Campo caballo",
      "describe": " ",
      "sound": "campo_caballo.ogg",
      "image": "noun-horse-1080123.svg",
      "tag": [
        2
      ],
      "vip": false,
      "type": 1
    },
    {
      "id": 73,
      "name": "Campo cerdos",
      "describe": " ",
      "sound": "campo_cerdos.ogg",
      "image": "noun-pig-1687431.svg",
      "tag": [
        2
      ],
      "vip": false,
      "type": 1
    },
    {
      "id": 74,
      "name": "Campo gallinas",
      "describe": " ",
      "sound": "campo_gallinas.ogg",
      "image": "noun-chicken-2599175.svg",
      "tag": [
        2
      ],
      "vip": false,
      "type": 1
    },
    {
      "id": 75,
      "name": "Campo gallo",
      "describe": " ",
      "sound": "campo_gallo.ogg",
      "image": "noun-rooster-853781.svg",
      "tag": [
        2
      ],
      "vip": false,
      "type": 1
    },
    {
      "id": 76,
      "name": "Campo lluvia",
      "describe": " ",
      "sound": "campo_lluvia.ogg",
      "image": "noun-rain-5671025.svg",
      "tag": [
        6,
        7,
        8
      ],
      "vip": true,
      "type": 1
    },
    {
      "id": 77,
      "name": "Campo oveja",
      "describe": " ",
      "sound": "campo_oveja.ogg",
      "image": "noun-sheep-3386401.svg",
      "tag": [
        2
      ],
      "vip": true,
      "type": 1
    },
    {
      "id": 78,
      "name": "Campo pajaros",
      "describe": " ",
      "sound": "campo_pajaros.ogg",
      "image": "noun-field-3531121.svg",
      "tag": [
        2,
        5
      ],
      "vip": true,
      "type": 1
    },
    {
      "id": 79,
      "name": "Campo perro",
      "describe": " ",
      "sound": "campo_perro.ogg",
      "image": "noun-dog-2274831.svg",
      "tag": [
        2
      ],
      "vip": false,
      "type": 1
    },
    {
      "id": 80,
      "name": "Campo riachuelo",
      "describe": " ",
      "sound": "campo_riachuelo.ogg",
      "image": "noun-river-5082237.svg",
      "tag": [
        6,
        7
      ],
      "vip": true,
      "type": 1
    },
    {
      "id": 81,
      "name": "Campo tormenta",
      "describe": " ",
      "sound": "campo_tormenta.ogg",
      "image": "noun-thunder-1982565.svg",
      "tag": [
        6,
        7,
        8
      ],
      "vip": true,
      "type": 1
    },
    {
      "id": 82,
      "name": "Campo vaca",
      "describe": " ",
      "sound": "campo_vaca.ogg",
      "image": "noun-cow-5057030.svg",
      "tag": [
        2
      ],
      "vip": true,
      "type": 1
    },
    {
      "id": 83,
      "name": "Ciudad lluvia",
      "describe": " ",
      "sound": "ciudad_lluvia.ogg",
      "image": "noun-weather-3420364.svg",
      "tag": [
        4,
        7,
        8
      ],
      "vip": true,
      "type": 1
    },
    {
      "id": 84,
      "name": "Ciudad lluviaventana",
      "describe": " ",
      "sound": "ciudad_lluviaventana.ogg",
      "image": "downpour.svg",
      "tag": [
        4,
        7,
        10,
        8
      ],
      "vip": true,
      "type": 1
    },
    {
      "id": 85,
      "name": "Hogar aspirador",
      "describe": " ",
      "sound": "hogar_aspirador.ogg",
      "image": "noun-vacuum-1664633.svg",
      "tag": [
        10
      ],
      "vip": false,
      "type": 1
    },
    {
      "id": 86,
      "name": "Hogar cafetera",
      "describe": " ",
      "sound": "hogar_cafetera.ogg",
      "image": "noun-cafe-1235109.svg",
      "tag": [
        10
      ],
      "vip": true,
      "type": 1
    },
    {
      "id": 87,
      "name": "Hogar chimenea",
      "describe": " ",
      "sound": "hogar_chimenea.ogg",
      "image": "noun-heater-3528626.svg",
      "tag": [
        10
      ],
      "vip": false,
      "type": 1
    },
    {
      "id": 88,
      "name": "Hogar ducha",
      "describe": " ",
      "sound": "hogar_ducha.ogg",
      "image": "shower.svg",
      "tag": [
        10,
        7
      ],
      "vip": false,
      "type": 1
    },
    {
      "id": 89,
      "name": "Hogar gato",
      "describe": " ",
      "sound": "hogar_gato.ogg",
      "image": "noun-cat-3864448.svg",
      "tag": [
        2,
        1
      ],
      "vip": true,
      "type": 1
    },
    {
      "id": 90,
      "name": "Hogar gotas",
      "describe": " ",
      "sound": "hogar_gotas.ogg",
      "image": "water_dripping.svg",
      "tag": [
        7
      ],
      "vip": true,
      "type": 1
    },
    {
      "id": 91,
      "name": "Hogar latidos",
      "describe": " ",
      "sound": "hogar_latidos.ogg",
      "image": "noun-heartbeat-1406203.svg",
      "tag": [
        10
      ],
      "vip": true,
      "type": 1
    },
    {
      "id": 92,
      "name": "Hogar lavadora",
      "describe": " ",
      "sound": "hogar_lavadora.ogg",
      "image": "noun-washing-machine-5663714.svg",
      "tag": [
        10
      ],
      "vip": true,
      "type": 1
    },
    {
      "id": 93,
      "name": "Hogar reloj",
      "describe": " ",
      "sound": "hogar_reloj.ogg",
      "image": "noun-clock-1018611.svg",
      "tag": [
        10
      ],
      "vip": true,
      "type": 1
    },
    {
      "id": 94,
      "name": "Hogar secador",
      "describe": " ",
      "sound": "hogar_secador.ogg",
      "image": "noun-dryer-1049734.svg",
      "tag": [
        10
      ],
      "vip": true,
      "type": 1
    },
    {
      "id": 95,
      "name": "Hogar teclado",
      "describe": " ",
      "sound": "hogar_teclado.ogg",
      "image": "noun-keyborad-1996781.svg",
      "tag": [
        10
      ],
      "vip": true,
      "type": 1
    },
    {
      "id": 96,
      "name": "Hogar ventilador",
      "describe": " ",
      "sound": "hogar_ventilador.ogg",
      "image": "noun-fan-1112059.svg",
      "tag": [
        10
      ],
      "vip": true,
      "type": 1
    },
    {
      "id": 97,
      "name": "Hogar viento",
      "describe": " ",
      "sound": "hogar_viento.ogg",
      "image": "noun-wind-3100898.svg",
      "tag": [
        6,
        8
      ],
      "vip": true,
      "type": 1
    },
    {
      "id": 98,
      "name": "Musical andantino",
      "describe": " ",
      "sound": "musical_andantino.ogg",
      "image": "noun-relax-3893416.svg",
      "tag": [
        3
      ],
      "vip": true,
      "type": 1
    },
    {
      "id": 99,
      "name": "Musical deeprelax",
      "describe": " ",
      "sound": "musical_deeprelax.ogg",
      "image": "noun-relax-3893416.svg",
      "tag": [
        3
      ],
      "vip": true,
      "type": 1
    },
    {
      "id": 100,
      "name": "Musical gymnopedie",
      "describe": " ",
      "sound": "musical_gymnopedie.ogg",
      "image": "noun-sports-2819599.svg",
      "tag": [
        3
      ],
      "vip": true,
      "type": 1
    },
    {
      "id": 101,
      "name": "Musical harpa",
      "describe": " ",
      "sound": "musical_harpa.ogg",
      "image": "noun-harp-5667491.svg",
      "tag": [
        9
      ],
      "vip": true,
      "type": 1
    },
    {
      "id": 102,
      "name": "Musical kalimba",
      "describe": " ",
      "sound": "musical_kalimba.ogg",
      "image": "noun-kalimba-5291887.svg",
      "tag": [
        9
      ],
      "vip": true,
      "type": 1
    },
    {
      "id": 103,
      "name": "Musical meditation",
      "describe": " ",
      "sound": "musical_meditation.ogg",
      "image": "noun-meditation-4372450.svg",
      "tag": [
        3
      ],
      "vip": true,
      "type": 1
    },
    {
      "id": 104,
      "name": "Musical nana",
      "describe": " ",
      "sound": "musical_nana.ogg",
      "image": "noun-singing-lullaby-5574369.svg",
      "tag": [
        3,
        10
      ],
      "vip": true,
      "type": 1
    },
    {
      "id": 105,
      "name": "Musical neptune",
      "describe": " ",
      "sound": "musical_neptune.ogg",
      "image": "noun-neptune-1573963.svg",
      "tag": [
        11
      ],
      "vip": true,
      "type": 1
    },
    {
      "id": 106,
      "name": "Musical shappire",
      "describe": " ",
      "sound": "musical_shappire.ogg",
      "image": "noun-diamond-4723163.svg",
      "tag": [
        6,
        11
      ],
      "vip": true,
      "type": 1
    },
    {
      "id": 107,
      "name": "Musical violin",
      "describe": " ",
      "sound": "musical_violin.ogg",
      "image": "noun-violin-1681046.svg",
      "tag": [
        9
      ],
      "vip": true,
      "type": 1
    },
    {
      "id": 108,
      "name": "Parque fuente",
      "describe": " ",
      "sound": "parque_fuente.ogg",
      "image": "fountain.svg",
      "tag": [
        4,
        7
      ],
      "vip": true,
      "type": 1
    },
    {
      "id": 109,
      "name": "Parque olaslago",
      "describe": " ",
      "sound": "parque_olaslago.ogg",
      "image": "noun-lake-5299388.svg",
      "tag": [
        5,
        6,
        7
      ],
      "vip": true,
      "type": 1
    },
    {
      "id": 110,
      "name": "Parque pajaros",
      "describe": " ",
      "sound": "parque_pajaros.ogg",
      "image": "noun-bird.svg",
      "tag": [
        2,
        4
      ],
      "vip": true,
      "type": 1
    },
    {
      "id": 111,
      "name": "Parque patos",
      "describe": " ",
      "sound": "parque_patos.ogg",
      "image": "noun-duck-5662182.svg",
      "tag": [
        2
      ],
      "vip": true,
      "type": 1
    },
    {
      "id": 112,
      "name": "Playa guitarra",
      "describe": " ",
      "sound": "playa_guitarra.ogg",
      "image": "noun-guitar-1004621.svg",
      "tag": [
        9
      ],
      "vip": true,
      "type": 1
    },
    {
      "id": 113,
      "name": "Playa lluvia",
      "describe": " ",
      "sound": "playa_lluvia.ogg",
      "image": "noun-surf-beach-rain-796110.svg",
      "tag": [
        6,
        7
      ],
      "vip": true,
      "type": 1
    },
    {
      "id": 114,
      "name": "Playa hoguera",
      "describe": " ",
      "sound": "playa_hoguera.ogg",
      "image": "noun-fire-5672455.svg",
      "tag": [
        6,
        7
      ],
      "vip": true,
      "type": 1
    },
    {
      "id": 115,
      "name": "Playa melodiaguitarra",
      "describe": " ",
      "sound": "playa_melodiaguitarra.ogg",
      "image": "noun-guitar-1004621.svg",
      "tag": [
        9
      ],
      "vip": true,
      "type": 1
    },
    {
      "id": 116,
      "name": "Playa olas",
      "describe": " ",
      "sound": "playa_olas.ogg",
      "image": "noun-wave-4334997.svg",
      "tag": [
        6,
        7
      ],
      "vip": true,
      "type": 1
    },
    {
      "id": 117,
      "name": "Playa remos",
      "describe": " ",
      "sound": "playa_remos.ogg",
      "image": "noun-paddle-1206373.svg",
      "tag": [
        5,
        7
      ],
      "vip": true,
      "type": 1
    },
    {
      "id": 118,
      "name": "Playa tormenta",
      "describe": " ",
      "sound": "playa_tormenta.ogg",
      "image": "noun-surf-beach-rain-796110.svg",
      "tag": [
        6,
        7,
        8
      ],
      "vip": true,
      "type": 1
    },
    {
      "id": 119,
      "name": "Submarino ambiente",
      "describe": " ",
      "sound": "submarino_ambiente.ogg",
      "image": "noun-under-2693339.svg",
      "tag": [
        6,
        7
      ],
      "vip": true,
      "type": 1
    },
    {
      "id": 120,
      "name": "Submarino bajomar",
      "describe": " ",
      "sound": "submarino_bajomar.ogg",
      "image": "noun-sea-5255637.svg",
      "tag": [
        7
      ],
      "vip": true,
      "type": 1
    },
    {
      "id": 121,
      "name": "Submarino ballenita",
      "describe": " ",
      "sound": "submarino_ballenita.ogg",
      "image": "noun-whale-1515697.svg",
      "tag": [
        2
      ],
      "vip": true,
      "type": 1
    },
    {
      "id": 122,
      "name": "Submarino burbujas",
      "describe": " ",
      "sound": "submarino_burbujas.ogg",
      "image": "noun-swim-in-sea-2001292.svg",
      "tag": [
        7
      ],
      "vip": true,
      "type": 1
    },
    {
      "id": 123,
      "name": "Urbano aeropuerto",
      "describe": " ",
      "sound": "urbano_aeropuerto.ogg",
      "image": "noun-airport-4992873.svg",
      "tag": [
        4
      ],
      "vip": true,
      "type": 1
    },
    {
      "id": 124,
      "name": "Urbano palomas",
      "describe": " ",
      "sound": "urbano_palomas.ogg",
      "image": "noun-dove-394629.svg",
      "tag": [
        2,
        4
      ],
      "vip": true,
      "type": 1
    },
    {
      "id": 125,
      "name": "Urbano trafico",
      "describe": " ",
      "sound": "urbano_trafico.ogg",
      "image": "noun-highway-582833.svg",
      "tag": [
        4
      ],
      "vip": true,
      "type": 1
    },
    {
      "id": 126,
      "name": "Urbano tren",
      "describe": " ",
      "sound": "urbano_tren.ogg",
      "image": "noun-train-1034587.svg",
      "tag": [
        4
      ],
      "vip": true,
      "type": 1
    },
    {
      "id": 127,
      "name": "Sound 1",
      "describe": " ",
      "sound": "sound1.ogg",
      "image": "noun-river-1592655.svg",
      "tag": [
        6,
        7
      ],
      "vip": true,
      "type": 1
    },
    {
      "id": 128,
      "name": "Sound 2",
      "describe": " ",
      "sound": "sound2.ogg",
      "image": "noun-sea-1755277.svg",
      "tag": [
        6,
        7
      ],
      "vip": true,
      "type": 1
    },
    {
      "id": 129,
      "name": "Sound 4",
      "describe": " ",
      "sound": "sound4.ogg",
      "image": "noun-water-1218076.svg",
      "tag": [
        7
      ],
      "vip": true,
      "type": 1
    },
    {
      "id": 130,
      "name": "Sound 5",
      "describe": " ",
      "sound": "sound5.ogg",
      "image": "noun-wind-1037200.svg",
      "tag": [
        6,
        7,
        8
      ],
      "vip": true,
      "type": 1
    },
    {
      "id": 131,
      "name": "Sound 8",
      "describe": " ",
      "sound": "sound8.ogg",
      "image": "noun-bird.svg",
      "tag": [
        2
      ],
      "vip": true,
      "type": 1
    },
    {
      "id": 132,
      "name": "Sound 11",
      "describe": " ",
      "sound": "sound11.ogg",
      "image": "noun-rain-5671025.svg",
      "tag": [
        6,
        7,
        8
      ],
      "vip": true,
      "type": 1
    },
    {
      "id": 133,
      "name": "Sound 16",
      "describe": " ",
      "sound": "sound16.ogg",
      "image": "cricket.svg",
      "tag": [
        2
      ],
      "vip": true,
      "type": 1
    },
    {
      "id": 134,
      "name": "Sound 12",
      "describe": " ",
      "sound": "sound12.ogg",
      "image": "noun-thunder-2139898.svg",
      "tag": [
        6,
        7,
        8
      ],
      "vip": true,
      "type": 1
    },
    {
      "id": 135,
      "name": "Sound 27",
      "describe": " ",
      "sound": "sound27.ogg",
      "image": "shower.svg",
      "tag": [
        10,
        7
      ],
      "vip": true,
      "type": 1
    },
    {
      "id": 136,
      "name": "Sound 28",
      "describe": " ",
      "sound": "sound28.ogg",
      "image": "noun-wind-4543513.svg",
      "tag": [
        10
      ],
      "vip": true,
      "type": 1
    },
    {
      "id": 137,
      "name": "Sound 26",
      "describe": " ",
      "sound": "sound26.ogg",
      "image": "rain.svg",
      "tag": [
        6,
        7,
        8
      ],
      "vip": true,
      "type": 1
    },
    {
      "id": 138,
      "name": "Sound 61",
      "describe": " ",
      "sound": "sound61.ogg",
      "image": "noun-house-roof-804341.svg",
      "tag": [
        6,
        7,
        8,
        10
      ],
      "vip": true,
      "type": 1
    },
    {
      "id": 139,
      "name": "Sound 63",
      "describe": " ",
      "sound": "sound63.ogg",
      "image": "noun-dive-2612504.svg",
      "tag": [
        7
      ],
      "vip": true,
      "type": 1
    },
    {
      "id": 140,
      "name": "Sound 64",
      "describe": " ",
      "sound": "sound64.ogg",
      "image": "noun-sea-2933136.svg",
      "tag": [
        7
      ],
      "vip": true,
      "type": 1
    },
    {
      "id": 141,
      "name": "Sound 69",
      "describe": " ",
      "sound": "sound69.ogg",
      "image": "ocean.svg",
      "tag": [
        6,
        7
      ],
      "vip": true,
      "type": 1
    },
    {
      "id": 142,
      "name": "Sound 70",
      "describe": " ",
      "sound": "sound70.ogg",
      "image": "noun-house-roof-804341.svg",
      "tag": [
        7,
        10
      ],
      "vip": true,
      "type": 1
    },
    {
      "id": 143,
      "name": "Sound 73",
      "describe": " ",
      "sound": "sound73.ogg",
      "image": "noun-house-roof-804341.svg",
      "tag": [
        7,
        10
      ],
      "vip": true,
      "type": 1
    },
    {
      "id": 144,
      "name": "Sound 78",
      "describe": " ",
      "sound": "sound78.ogg",
      "image": "noun-clock-1018611.svg",
      "tag": [
        10
      ],
      "vip": true,
      "type": 1
    },
    {
      "id": 145,
      "name": "Sound 79",
      "describe": " ",
      "sound": "sound79.ogg",
      "image": "frog.svg",
      "tag": [
        2
      ],
      "vip": true,
      "type": 1
    },
    {
      "id": 146,
      "name": "Sound 83",
      "describe": " ",
      "sound": "sound83.ogg",
      "image": "noun-thunder-1988276.svg",
      "tag": [
        6,
        7,
        8
      ],
      "vip": true,
      "type": 1
    },
    {
      "id": 147,
      "name": "Sound 84",
      "describe": " ",
      "sound": "sound84.ogg",
      "image": "noun-way-3783009.svg",
      "tag": [
        4
      ],
      "vip": true,
      "type": 1
    },
    {
      "id": 148,
      "name": "Sound 101",
      "describe": " ",
      "sound": "sound101.ogg",
      "image": "noun-crowd-591860.svg",
      "tag": [
        4
      ],
      "vip": true,
      "type": 1
    },
    {
      "id": 149,
      "name": "Binaural 1",
      "describe": " ",
      "sound": "Binaural 1.ogg",
      "image": "noun-sound-1560834.svg",
      "tag": [
        1
      ],
      "vip": true,
      "type": 1
    },
    {
      "id": 150,
      "name": "Binaural 2",
      "describe": " ",
      "sound": "Binaural 2.ogg",
      "image": "noun-sound-1560834.svg",
      "tag": [
        1
      ],
      "vip": true,
      "type": 1
    },
    {
      "id": 151,
      "name": "Binaural 3",
      "describe": " ",
      "sound": "Binaural 3.ogg",
      "image": "noun-sound-1560834.svg",
      "tag": [
        1
      ],
      "vip": true,
      "type": 1
    },
    {
      "id": 152,
      "name": "Binaural 4",
      "describe": " ",
      "sound": "Binaural 4.ogg",
      "image": "noun-sound-1560834.svg",
      "tag": [
        1
      ],
      "vip": true,
      "type": 1
    },
    {
      "id": 153,
      "name": "Binaural 5",
      "describe": " ",
      "sound": "Binaural 5.ogg",
      "image": "noun-sound-1560834.svg",
      "tag": [
        1
      ],
      "vip": true,
      "type": 1
    },
    {
      "id": 154,
      "name": "Binaural 6",
      "describe": " ",
      "sound": "Binaural 6.ogg",
      "image": "noun-sound-1560834.svg",
      "tag": [
        1
      ],
      "vip": true,
      "type": 1
    },
    {
      "id": 155,
      "name": "Binaural 7",
      "describe": " ",
      "sound": "Binaural 7.ogg",
      "image": "noun-sound-1560834.svg",
      "tag": [
        1
      ],
      "vip": true,
      "type": 1
    },
    {
      "id": 156,
      "name": "Binaural 8",
      "describe": " ",
      "sound": "Binaural 8.ogg",
      "image": "noun-sound-1560834.svg",
      "tag": [
        1
      ],
      "vip": true,
      "type": 1
    },
    {
      "id": 157,
      "name": "Binaural 9",
      "describe": " ",
      "sound": "Binaural 9.ogg",
      "image": "noun-sound-1560834.svg",
      "tag": [
        1
      ],
      "vip": true,
      "type": 1
    },
    {
      "id": 158,
      "name": "Isocronico acupuntura",
      "describe": " ",
      "sound": "isocronico_acupuntura.ogg",
      "image": "noun-sound-1560834.svg",
      "tag": [
        1
      ],
      "vip": true,
      "type": 1
    },
    {
      "id": 159,
      "name": "Isocronico circulacion",
      "describe": " ",
      "sound": "isocronico_circulacion.ogg",
      "image": "noun-sound-1560834.svg",
      "tag": [
        1
      ],
      "vip": true,
      "type": 1
    },
    {
      "id": 160,
      "name": "Isocronico depresion",
      "describe": " ",
      "sound": "isocronico_depresion.ogg",
      "image": "noun-sound-1560834.svg",
      "tag": [
        1
      ],
      "vip": true,
      "type": 1
    },
    {
      "id": 161,
      "name": "Isocronico inteligencia",
      "describe": " ",
      "sound": "isocronico_inteligencia.ogg",
      "image": "noun-sound-1560834.svg",
      "tag": [
        1
      ],
      "vip": true,
      "type": 1
    },
    {
      "id": 162,
      "name": "Isocronico jaqueca",
      "describe": " ",
      "sound": "isocronico_jaqueca.ogg",
      "image": "noun-sound-1560834.svg",
      "tag": [
        1
      ],
      "vip": true,
      "type": 1
    },
    {
      "id": 163,
      "name": "Isocronico regeneracion",
      "describe": " ",
      "sound": "isocronico_regeneracion.ogg",
      "image": "noun-sound-1560834.svg",
      "tag": [
        1
      ],
      "vip": true,
      "type": 1
    },
    {
      "id": 164,
      "name": "Oriental tibetansilverbells",
      "describe": " ",
      "sound": "oriental_tibetansilverbells.ogg",
      "image": "noun-singing-bowl-4975215.svg",
      "tag": [
        9
      ],
      "vip": true,
      "type": 1
    },
    {
      "id": 165,
      "name": "Oriental om",
      "describe": " ",
      "sound": "oriental_om.ogg",
      "image": "noun-meditation-5641679.svg",
      "tag": [
        3
      ],
      "vip": true,
      "type": 1
    },
    {
      "id": 166,
      "name": "Oriental boltibetano",
      "describe": " ",
      "sound": "oriental_boltibetano.ogg",
      "image": "noun-singing-bowl-4975215.svg",
      "tag": [
        9
      ],
      "vip": true,
      "type": 1
    },
    {
      "id": 167,
      "name": "Oriental cuenco",
      "describe": " ",
      "sound": "oriental_cuenco.ogg",
      "image": "noun-singing-bowl-4975215.svg",
      "tag": [
        9
      ],
      "vip": true,
      "type": 1
    },
    {
      "id": 168,
      "name": "Oriental duduk",
      "describe": " ",
      "sound": "oriental_duduk.ogg",
      "image": "noun-duduk-4168223.svg",
      "tag": [
        9
      ],
      "vip": true,
      "type": 1
    },
    {
      "id": 169,
      "name": "Oriental vientobambu",
      "describe": " ",
      "sound": "oriental_vientobambu.ogg",
      "image": "noun-bamboo-4284866.svg",
      "tag": [
        6,
        8,
        5
      ],
      "vip": true,
      "type": 1
    },
    {
      "id": 170,
      "name": "Oriental taiko",
      "describe": " ",
      "sound": "oriental_taiko.ogg",
      "image": "noun-drum-5674271.svg",
      "tag": [
        9
      ],
      "vip": true,
      "type": 1
    },
    {
      "id": 171,
      "name": "Oriental flautachina",
      "describe": " ",
      "sound": "oriental_flautachina.ogg",
      "image": "noun-bamboo-flute-3412609.svg",
      "tag": [
        9
      ],
      "vip": true,
      "type": 1
    },
    {
      "id": 172,
      "name": "Sound 3",
      "describe": " ",
      "sound": "sound3.ogg",
      "image": "noun-bamboo-flute-3412609.svg",
      "tag": [
        9
      ],
      "vip": true,
      "type": 1
    },
    {
      "id": 173,
      "name": "Sound 6",
      "describe": " ",
      "sound": "sound6.ogg",
      "image": "noun-music-box-4889929.svg",
      "tag": [
        9,
        10
      ],
      "vip": true,
      "type": 1
    },
    {
      "id": 174,
      "name": "Sound 9",
      "describe": " ",
      "sound": "sound9.ogg",
      "image": "noun-piano-1092329.svg",
      "tag": [
        9
      ],
      "vip": true,
      "type": 1
    },
    {
      "id": 175,
      "name": "Sound 10",
      "describe": " ",
      "sound": "sound10.ogg",
      "image": "noun-conductor-1196848.svg",
      "tag": [
        3
      ],
      "vip": true,
      "type": 1
    },
    {
      "id": 176,
      "name": "Sound 15",
      "describe": " ",
      "sound": "sound15.ogg",
      "image": "noun-spa-3596786.svg",
      "tag": [
        3
      ],
      "vip": true,
      "type": 1
    },
    {
      "id": 177,
      "name": "Sound 48",
      "describe": " ",
      "sound": "sound48.ogg",
      "image": "noun-butterfly-4927181.svg",
      "tag": [
        3
      ],
      "vip": true,
      "type": 1
    },
    {
      "id": 178,
      "name": "Sound 59",
      "describe": " ",
      "sound": "sound59.ogg",
      "image": "noun-island-3326650.svg",
      "tag": [
        6,
        7
      ],
      "vip": true,
      "type": 1
    },
    {
      "id": 179,
      "name": "Sound 74",
      "describe": " ",
      "sound": "sound74.ogg",
      "image": "noun-duduk-4168223.svg",
      "tag": [
        9
      ],
      "vip": true,
      "type": 1
    },
    {
      "id": 180,
      "name": "Sound 77",
      "describe": " ",
      "sound": "sound77.ogg",
      "image": "noun-singing-lullaby-5574369.svg",
      "tag": [
        10,
        3
      ],
      "vip": true,
      "type": 1
    },
    {
      "id": 181,
      "name": "Sound 110",
      "describe": " ",
      "sound": "sound110.ogg",
      "image": "noun-child-bed-2109046.svg",
      "tag": [
        10,
        3
      ],
      "vip": true,
      "type": 1
    },
    {
      "id": 182,
      "name": "Sound 113",
      "describe": " ",
      "sound": "sound113.ogg",
      "image": "noun-universe-3789594.svg",
      "tag": [
        3
      ],
      "vip": true,
      "type": 1
    },
    {
      "id": 183,
      "name": "Sound 125",
      "describe": " ",
      "sound": "sound125.ogg",
      "image": "noun-singing-bowl-4975215.svg",
      "tag": [
        9
      ],
      "vip": true,
      "type": 1
    },
    {
      "id": 184,
      "name": "Sound 126",
      "describe": " ",
      "sound": "sound126.ogg",
      "image": "noun-dream-catcher-2170413.svg",
      "tag": [
        3
      ],
      "vip": true,
      "type": 1
    },
    {
      "id": 185,
      "name": "Sound 13",
      "describe": " ",
      "sound": "sound13.ogg",
      "image": "noun-concentrate-3940623.svg",
      "tag": [
        3
      ],
      "vip": true,
      "type": 1
    },
    {
      "id": 186,
      "name": "Fan",
      "describe": " ",
      "sound": "Fan.ogg",
      "image": "noun-fan-1112059.svg",
      "tag": [
        10
      ],
      "vip": false,
      "type": 1
    },
    {
      "id": 187,
      "name": "Guitar",
      "describe": " ",
      "sound": "Guitar.ogg",
      "image": "noun-guitar-1004621.svg",
      "tag": [
        9
      ],
      "vip": true,
      "type": 1
    },
    {
      "id": 188,
      "name": "Piano",
      "describe": " ",
      "sound": "Piano.ogg",
      "image": "noun-piano-1092329.svg",
      "tag": [
        9
      ],
      "vip": true,
      "type": 1
    },
    {
      "id": 189,
      "name": "Wind leaves",
      "describe": " ",
      "sound": "wind_leaves.ogg",
      "image": "noun-wind-3100898.svg",
      "tag": [
        6,
        7,
        8
      ],
      "vip": true,
      "type": 1
    },
    {
      "id": 190,
      "name": "Wind",
      "describe": " ",
      "sound": "Wind.ogg",
      "image": "noun-wind-1037200.svg",
      "tag": [
        6,
        8
      ],
      "vip": true,
      "type": 1
    },
    {
      "id": 191,
      "name": "Bầu trời đầy sao",
      "describe": " ",
      "sound": "peacefulgarden.mp3",
      "image": "902a7cc9c4bc9f31024c7475c13b5f31.jpg",
      "tag": [
        12
      ],
      "vip": true,
      "type": 2
    },
    {
      "id": 192,
      "name": "Tình yêu đích thực",
      "describe": " ",
      "sound": "ms01.mp3",
      "image": "0153d6f4c7efdd9f8aa1a56d7278ccb1.jpg",
      "tag": [
        12
      ],
      "vip": true,
      "type": 2
    },
    {
      "id": 193,
      "name": "Búp bê",
      "describe": " ",
      "sound": "ADoll'sBeginning.mp3",
      "image": "e761884e2386a1dfb7c43ba4a2ddfdb0.jpg",
      "tag": [
        13
      ],
      "vip": true,
      "type": 2
    },
    {
      "id": 194,
      "name": "Những lời không thể nói",
      "describe": " ",
      "sound": "unspokenWords.mp3",
      "image": "d35e8f581f006c58d171f20e3db7aba1.jpg",
      "tag": [
        14
      ],
      "vip": true,
      "type": 2
    },
    {
      "id": 195,
      "name": "Tưởng Nhớ",
      "describe": " ",
      "sound": "InRemembrance.mp3",
      "image": "0007ea8d1b4f087ce93f4e5e7ef635e5.jpg",
      "tag": [
        14
      ],
      "vip": true,
      "type": 2
    },
    {
      "id": 196,
      "name": "Bầu trời vô tận",
      "describe": " ",
      "sound": "DeepSleepCalmingRelaxingandSoothingMusic.mp3",
      "image": "2377643da9de98e9a27e4bb9eed9affb.jpg",
      "tag": [
        12,
        16,
        17
      ],
      "vip": true,
      "type": 2
    },
    {
      "id": 197,
      "name": "Suy tư",
      "describe": " ",
      "sound": "MinuteSuperDeepMeditationMusic.mp3",
      "image": "9ea757e518f794bfdb58def29bc212c5.jpg",
      "tag": [
        12,
        16
      ],
      "vip": true,
      "type": 2
    },
    {
      "id": 198,
      "name": "Lofi relax 1",
      "describe": " ",
      "sound": "CHILL_LOFI_SOUND.mp3",
      "image": "dd95fdf1e47504c434c0a7e759c46baf.jpg",
      "tag": [
        12
      ],
      "vip": true,
      "type": 2
    },
    {
      "id": 199,
      "name": "Không gian linh hồn",
      "describe": " ",
      "sound": "DeepSleepin10MinutesSleep.mp3",
      "image": "496be08e014ab481351e79ed81f5ba35.jpg",
      "tag": [
        12,
        16,
        15
      ],
      "vip": true,
      "type": 2
    },
    {
      "id": 200,
      "name": "OM",
      "describe": " ",
      "sound": "15MinutesOMMeditation.mp3",
      "image": "6f96b861a62d37cec56513e60530f8cd.jpg",
      "tag": [
        16
      ],
      "vip": true,
      "type": 2
    },
    {
      "id": 201,
      "name": "Tình yêu ở nơi đâu?",
      "describe": " ",
      "sound": "WHERE_MY_LOVE.mp3",
      "image": "165a712429c6fd2a87be9ee62a184591.jpg",
      "tag": [
        14
      ],
      "vip": true,
      "type": 2
    },
    {
      "id": 202,
      "name": "Bức tượng",
      "describe": " ",
      "sound": "VisionsofGideon10min.mp3",
      "image": "e7ef03a7a20ec354bc791e4278af604f.jpg",
      "tag": [
        14
      ],
      "vip": true,
      "type": 2
    },
    {
      "id": 203,
      "name": "Buồn",
      "describe": " ",
      "sound": "SadPianoMusic.mp3",
      "image": "ec96e5f1682c91c7df29e71134b0b103.jpg",
      "tag": [
        14
      ],
      "vip": true,
      "type": 2
    },
    {
      "id": 204,
      "name": "Mất đi trái tim",
      "describe": " ",
      "sound": "oneheart.mp3",
      "image": "7d773a68c6d5f27e495dae057d463239.jpg",
      "tag": [
        14,
        12
      ],
      "vip": true,
      "type": 2
    },
    {
      "id": 205,
      "name": "Bừng sáng",
      "describe": " ",
      "sound": "aglow.mp3",
      "image": "82f94ca615dde77ffb2e7226f83db795.jpg",
      "tag": [
        12,
        14,
        16
      ],
      "vip": true,
      "type": 2
    },
    {
      "id": 206,
      "name": "Kết thúc",
      "describe": " ",
      "sound": "close.mp3",
      "image": "b32886ede8accf67c79702d4a14baf2d.jpg",
      "tag": [
        12,
        14,
        15
      ],
      "vip": true,
      "type": 2
    },
    {
      "id": 207,
      "name": "Thước phim buồn",
      "describe": " ",
      "sound": "SadCinematic.mp3",
      "image": "8ac1dd793b41d9bd397f20f0693273b0.jpg",
      "tag": [
        12,
        14
      ],
      "vip": true,
      "type": 2
    },
    {
      "id": 208,
      "name": "Tôi muốn cậu",
      "describe": " ",
      "sound": "iWantY.mp3",
      "image": "13bbc63ddf091ddc95586996a536c121.jpg",
      "tag": [
        13
      ],
      "vip": true,
      "type": 2
    },
    {
      "id": 209,
      "name": "Quá khứ",
      "describe": " ",
      "sound": "SadEmotional.mp3",
      "image": "483484605b371264ee9110cb669a3f78.jpg",
      "tag": [
        14
      ],
      "vip": true,
      "type": 2
    },
    {
      "id": 210,
      "name": "Áp lực cuộc sống",
      "describe": " ",
      "sound": "SadEpicEmotional.mp3",
      "image": "683c2d9752625019063ee5403b4ae2ce.jpg",
      "tag": [
        14
      ],
      "vip": true,
      "type": 2
    },
    {
      "id": 211,
      "name": "Mưa xoá quá khứ",
      "describe": " ",
      "sound": "SoundofRain.mp3",
      "image": "0600f774ec403dc14d6eb2d7886abe0b.jpg",
      "tag": [
        14,
        18
      ],
      "vip": true,
      "type": 2
    },
    {
      "id": 212,
      "name": "Dòng suối",
      "describe": " ",
      "sound": "SleepMeditation.mp3",
      "image": "4e29551408f594fb48bee48885ab14a1.jpg",
      "tag": [
        12,
        13,
        15,
        16,
        17,
        18
      ],
      "vip": true,
      "type": 2
    },
    {
      "id": 213,
      "name": "Tự do",
      "describe": " ",
      "sound": "Healing.mp3",
      "image": "c45d432b9081519d648e8dea67d586ca.jpg",
      "tag": [
        12,
        15,
        16,
        17
      ],
      "vip": true,
      "type": 2
    },
    {
      "id": 214,
      "name": "Hòn đảo tự do",
      "describe": " ",
      "sound": "Ocean.mp3",
      "image": "9710e808cffd595d96c8d136107a0dc0.jpg",
      "tag": [
        12,
        13,
        15,
        16,
        17,
        18
      ],
      "vip": true,
      "type": 2
    },
    {
      "id": 215,
      "name": "Vũ trụ",
      "describe": " ",
      "sound": "vutru.mp3",
      "image": "8e6e0b3964548962f6e231f27d9e1252.jpg",
      "tag": [
        12,
        13,
        15,
        16,
        17
      ],
      "vip": true,
      "type": 2
    },
    {
      "id": 216,
      "name": "Bầu trời giấc mơ",
      "describe": " ",
      "sound": "SkyfulofDreams.mp3",
      "image": "01a5dcfbcfd3a1a429111c02ecbfab42.jpg",
      "tag": [
        12,
        13,
        15,
        16,
        17
      ],
      "vip": true,
      "type": 2
    },
    {
      "id": 217,
      "name": "Dải ngân hà",
      "describe": " ",
      "sound": "Breksta.mp3",
      "image": "1bb1113a68bbe691ba99a910c260e268.jpg",
      "tag": [
        12,
        13,
        15,
        16,
        17
      ],
      "vip": true,
      "type": 2
    },
    {
      "id": 218,
      "name": "Tịnh tâm",
      "describe": " ",
      "sound": "RootChakraCleansing.mp3",
      "image": "42daf46c3c4b0ff99e11343ea4b76381.jpg",
      "tag": [
        15,
        16
      ],
      "vip": true,
      "type": 2
    },
    {
      "id": 219,
      "name": "Thế giới loài chim",
      "describe": " ",
      "sound": " BirdSongs.mp3",
      "image": "6005dd5f12f09cceeeb3bdbe52401af3.jpg",
      "tag": [
        12,
        13,
        16,
        17,
        18
      ],
      "vip": true,
      "type": 2
    },
    {
      "id": 220,
      "name": "Thác nước",
      "describe": " ",
      "sound": "thacnuoc.mp3",
      "image": "de9346b5a6f46fe30dcf0d0d407314df.jpg",
      "tag": [
        12,
        13,
        16,
        17,
        18
      ],
      "vip": true,
      "type": 2
    },
    {
      "id": 221,
      "name": "Bồ công anh",
      "describe": " ",
      "sound": "Nature.mp3",
      "image": "af9452b57464a4fbd897880fd2e0f9db.jpg",
      "tag": [
        12,
        13,
        16,
        17
      ],
      "vip": true,
      "type": 2
    },
    {
      "id": 222,
      "name": "Tập trung",
      "describe": " ",
      "sound": "HealingNature.mp3",
      "image": "97fb701d91191119e0c86b3e8a0422b3.jpg",
      "tag": [
        14,
        15,
        16
      ],
      "vip": true,
      "type": 2
    },
    {
      "id": 223,
      "name": "Trong veo",
      "describe": " ",
      "sound": "RelaxingMusic.mp3",
      "image": "832ca390fc72b8e644ef91d867e8fa8b.jpg",
      "tag": [
        12,
        13,
        14,
        15,
        16
      ],
      "vip": true,
      "type": 2
    },
    {
      "id": 224,
      "name": "Mùa thu",
      "describe": " ",
      "sound": "AutumnFog-RelaxingpianomusicCalmingMusicRelaxingmusic.mp3",
      "image": "e7dc979d750b5dae358d75444e46d6a9.jpg",
      "tag": [
        12,
        13,
        14,
        15,
        16,
        17
      ],
      "vip": true,
      "type": 2
    },
    {
      "id": 225,
      "name": "Qua ô của sổ",
      "describe": " ",
      "sound": "AmbientMusic-peacefulcalmpianomusicstudyfocus.mp3",
      "image": "d85f6ff24aadfbd88288c7266c2c028a.jpg",
      "tag": [
        12,
        13,
        14,
        15,
        16,
        17
      ],
      "vip": true,
      "type": 2
    },
    {
      "id": 226,
      "name": "Xinh đẹp",
      "describe": " ",
      "sound": "BeautifulPianoMusicMusicforStressReliefMeditationMusicMusicforreadingandstudying.mp3",
      "image": "f917ad52b8a56f0c47cd31dcd9b51001.jpg",
      "tag": [
        12,
        13,
        14,
        15,
        16,
        17
      ],
      "vip": true,
      "type": 2
    },
    {
      "id": 227,
      "name": "Bầu trời",
      "describe": " ",
      "sound": "Beautifulrelaxingmusic-AntidepressiveMusic-Antistressmusic.mp3",
      "image": "832192ec5a509616ad655b0d6004d981.jpg",
      "tag": [
        12,
        13,
        14,
        15,
        16,
        17
      ],
      "vip": true,
      "type": 2
    },
    {
      "id": 228,
      "name": "Hoàn hôn tháng 11",
      "describe": " ",
      "sound": "BeautifulRelaxingMusicPeacefulInstrumentalMusic",
      "NovemberRelax": ".mp3",
      "image": "b1390892f03c1bc5472c43dc5ccbe8ba.jpg",
      "tag": [
        12,
        13,
        14,
        15,
        16,
        17
      ],
      "vip": true,
      "type": 2
    },
    {
      "id": 229,
      "name": "Bình minh",
      "describe": " ",
      "sound": "BeautifulRelaxingMusicPeacefulSoothingInstrumentalMusic.mp3",
      "image": "624b9d13765164121e181ca4513226c2.jpg",
      "tag": [
        12,
        13,
        14,
        15,
        16,
        17
      ],
      "vip": true,
      "type": 2
    },
    {
      "id": 230,
      "name": "Sương sớm",
      "describe": " ",
      "sound": "BeautifulRelaxingPianoMusicForStressReliefStudyandMeditation.mp3",
      "image": "d3bac5dcc6a97dc11d73498bfee96c0d.jpg",
      "tag": [
        12,
        13,
        14,
        15,
        16,
        17
      ],
      "vip": true,
      "type": 2
    },
    {
      "id": 231,
      "name": "Giấc ngủ",
      "describe": " ",
      "sound": "DeepSleepCalmingRelaxingandSoothingMusic.mp3",
      "image": "58332fc2bf5e7bd234c08643f2bbbc67.jpg",
      "tag": [
        12,
        13,
        14,
        15,
        16,
        17
      ],
      "vip": true,
      "type": 2
    },
    {
      "id": 232,
      "name": "Bình minh cánh rừng",
      "describe": " ",
      "sound": "HealingMusic♪PianoMusicForStressReliefPositiveEnergyMeditationMusicSleepMusic.mp3",
      "image": "36a06c7549c30df4ded6ace89a980cf7.jpg",
      "tag": [
        12,
        13,
        14,
        15,
        16,
        17
      ],
      "vip": true,
      "type": 2
    },
    {
      "id": 233,
      "name": "Mặt trời trên biển",
      "describe": " ",
      "sound": "Morningrelaxingpianomusic.mp3",
      "image": "7822074b3886583de12c80b4d0ab795e.jpg",
      "tag": [
        12,
        13,
        14,
        15,
        16,
        17
      ],
      "vip": true,
      "type": 2
    },
    {
      "id": 234,
      "name": "Biển lặng",
      "describe": " ",
      "sound": "Relaxmusicforstudyingfocusworkrelaxingstressreliefspacalmmindmusic.mp3",
      "image": "a4a9edba8c0fa5d55eaf80e883ae239e.jpg",
      "tag": [
        12,
        13,
        14,
        15,
        16,
        17
      ],
      "vip": true,
      "type": 2
    },
    {
      "id": 235,
      "name": "Tuyết rơi",
      "describe": " ",
      "sound": "RelaxingChristmasSoftPianoMusicSleepCalmRelax.mp3",
      "image": "4df0090b1c70821c8bded638ec44ee47.jpg",
      "tag": [
        12,
        13,
        14,
        15,
        16,
        17
      ],
      "vip": true,
      "type": 2
    },
    {
      "id": 236,
      "name": "Một ngày mưa",
      "describe": " ",
      "sound": "RelaxingMusic&RainSounds-BeautifulPianoMusicBackgroundMusicSleepMusic•You&Me.mp3",
      "image": "26d13889247809ff4fa4fa4bebe420c4.jpg",
      "tag": [
        12,
        13,
        14,
        15,
        16,
        17,
        18
      ],
      "vip": true,
      "type": 2
    },
    {
      "id": 237,
      "name": "Căn phòng",
      "describe": " ",
      "sound": "RelaxingPianoandViolinMusicForStudyandFocus.mp3",
      "image": "683a7eeba5e6105d82a44dd205490bbf.jpg",
      "tag": [
        12,
        13,
        14,
        15,
        16,
        17
      ],
      "vip": true,
      "type": 2
    },
    {
      "id": 238,
      "name": "Rừng phong",
      "describe": " ",
      "sound": "RelaxingPianoMusic•SleepMusicMeditationMusicBackgroundMusicStudyMusic.mp3",
      "image": "4f5500a9130d4b9f8d4bf2da50d1777b.jpg",
      "tag": [
        12,
        13,
        14,
        15,
        16,
        17
      ],
      "vip": true,
      "type": 2
    },
    {
      "id": 239,
      "name": "Caffe",
      "describe": " ",
      "sound": "RelaxingPianoMusicMusicforStressReliefMeditationMusicMusicforreadingandstudying.mp3",
      "image": "e39575d90aabf77afd9cb71fda8b11c8.jpg",
      "tag": [
        12,
        13,
        14,
        15,
        16,
        17
      ],
      "vip": true,
      "type": 2
    },
    {
      "id": 240,
      "name": "Ngọn núi",
      "describe": " ",
      "sound": "RelaxingPianoMusicMeditationMusicRelaxingMusicSoftMusicRelaxationMusic.mp3",
      "image": "0c65bf4d868d4df06900e51bae62eda6.jpg",
      "tag": [
        12,
        13,
        14,
        15,
        16,
        17
      ],
      "vip": true,
      "type": 2
    },
    {
      "id": 241,
      "name": "Cánh đồng hoa",
      "describe": " ",
      "sound": "SlowPeacefulandCalmingPianoMusic-StudyReadSleepMeditation.mp3",
      "image": "1e7f648e730e4de980f1e17ee79da6c5.jpg",
      "tag": [
        12,
        13,
        14,
        15,
        16,
        17
      ],
      "vip": true,
      "type": 2
    },
    {
      "id": 242,
      "name": "Chiều tối",
      "describe": " ",
      "sound": "SoothingSleepMusicRelaxingPianoMusicSleepingMusicFallAsleep.mp3",
      "image": "27abba72d5ee30780f716fe871e8320d.jpg",
      "tag": [
        12,
        13,
        14,
        15,
        16,
        17
      ],
      "vip": true,
      "type": 2
    },
    {
      "id": 243,
      "name": "Lạc",
      "describe": " ",
      "sound": "TheForestMaiden(SoloPiano).mp3",
      "image": "501aa00adff1bf485bdc594d040b5b96.jpg",
      "tag": [
        12,
        13,
        14,
        15,
        16,
        17
      ],
      "vip": true,
      "type": 2
    },
    {
      "id": 244,
      "name": "Mùa đông",
      "describe": " ",
      "sound": "Winterchill-PianoMusic•SleepMusicMeditationMusicBackgroundMusicStudyMusic.mp3",
      "image": "a16c040e0ea95737b8b287ab1a4440ef.jpg",
      "tag": [
        12,
        13,
        14,
        15,
        16,
        17
      ],
      "vip": true,
      "type": 2
    }
  ]
}